information,3
available,2
copyright,15
university,10
management,32
international,18
development,0
education,13
community,55
technology,9
following,2
resources,3
including,9
directory,19
government,29
department,11
description,3
insurance,60
different,7
categories,6
conditions,44
accessories,5
september,4
questions,16
application,6
financial,3
equipment,5
performance,16
experience,19
important,8
activities,10
additional,6
something,21
professional,7
committee,2
washington,7
california,11
reference,9
companies,7
computers,3
president,0
australia,2
discussion,10
entertainment,10
agreement,27
marketing,30
association,42
collection,11
solutions,7
electronics,44
technical,15
microsoft,11
conference,3
environment,19
statement,8
downloads,5
applications,8
requirements,11
individual,33
subscribe,43
everything,8
production,11
commercial,13
advertising,8
treatment,0
newsletter,2
knowledge,39
currently,27
construction,10
registered,4
protection,21
engineering,2
published,6
corporate,18
customers,2
materials,8
countries,9
standards,10
political,21
advertise,6
environmental,7
availability,21
employment,1
commission,38
administration,11
institute,14
sponsored,11
electronic,73
condition,4
effective,29
organization,15
selection,3
corporation,6
executive,10
necessary,41
according,12
particular,62
facilities,0
opportunities,3
appropriate,7
statistics,17
investment,42
christmas,48
registration,5
furniture,0
wednesday,10
structure,24
distribution,10
industrial,16
potential,24
responsible,19
communications,15
associated,15
foundation,21
documents,2
communication,4
independent,30
operating,69
developed,22
telephone,1
population,27
navigation,1
operations,0
therefore,4
christian,0
understand,40
publications,2
worldwide,12
connection,11
publisher,17
introduction,16
properties,1
accommodation,3
excellent,9
opportunity,7
assessment,1
especially,3
interface,10
operation,0
restaurants,6
beautiful,7
locations,24
significant,13
technologies,0
manufacturer,5
providing,9
authority,11
considered,4
programme,9
enterprise,0
educational,20
employees,11
alternative,23
processing,1
responsibility,23
resolution,17
publication,36
relations,57
photography,8
components,43
assistance,18
completed,6
organizations,0
otherwise,2
transportation,4
disclaimer,10
membership,5
recommended,60
background,14
character,26
maintenance,2
functions,7
trademarks,6
phentermine,68
submitted,13
television,16
interested,16
throughout,1
established,4
programming,0
regarding,17
instructions,4
increased,14
understanding,12
beginning,5
associates,3
instruments,3
businesses,16
specified,2
restaurant,24
procedures,17
relationship,10
traditional,19
sometimes,2
themselves,2
transport,18
interesting,2
evaluation,20
implementation,4
galleries,33
references,5
presented,11
literature,9
respective,11
definition,14
secretary,22
networking,12
australian,17
magazines,21
francisco,0
individuals,5
guidelines,31
installation,1
described,4
attention,16
difference,0
regulations,16
certificate,14
directions,7
documentation,11
automotive,9
successful,42
communities,37
situation,23
publishing,12
emergency,10
developing,15
determine,12
temperature,0
announcements,38
historical,0
ringtones,4
difficult,12
scientific,6
satellite,4
particularly,11
functional,7
monitoring,12
architecture,3
recommend,6
dictionary,10
accounting,3
manufacturing,2
professor,26
generally,0
continued,1
techniques,0
permission,14
generation,19
component,28
guarantee,6
processes,0
interests,9
paperback,21
classifieds,3
supported,23
competition,2
providers,1
characters,7
thousands,8
apartments,22
generated,1
administrative,10
practices,7
reporting,16
essential,16
affiliate,55
immediately,26
designated,0
integrated,21
configuration,9
comprehensive,3
universal,0
presentation,18
languages,78
compliance,51
improvement,0
pennsylvania,26
challenge,5
acceptance,9
strategies,22
affiliates,1
multimedia,2
certified,26
computing,22
interactive,6
procedure,2
leadership,3
religious,9
breakfast,10
developer,2
approximately,9
recommendations,6
comparison,10
automatically,12
minnesota,17
adventure,19
institutions,18
assistant,9
advertisement,10
headlines,8
yesterday,48
determined,10
wholesale,4
extension,23
statements,0
completely,34
electrical,3
applicable,15
manufacturers,12
classical,14
dedicated,7
direction,3
basketball,3
wisconsin,1
personnel,45
identified,65
professionals,5
advantage,11
newsletters,4
estimated,46
anonymous,1
miscellaneous,18
integration,6
interview,1
framework,14
installed,10
massachusetts,3
associate,4
frequently,53
discussions,13
laboratory,6
destination,0
intelligence,4
specifications,6
tripadvisor,23
residential,20
decisions,33
industries,11
partnership,4
editorial,21
expression,16
provisions,24
principles,18
suggestions,10
replacement,9
strategic,12
economics,6
compatible,12
apartment,8
netherlands,6
consulting,13
recreation,28
participants,2
favorites,16
translation,30
estimates,1
protected,5
philadelphia,6
officials,6
contained,10
legislation,9
parameters,80
relationships,5
tennessee,3
representative,5
frequency,0
introduced,20
departments,2
residents,6
displayed,16
performed,22
administrator,37
addresses,42
permanent,16
agriculture,74
constitutes,21
portfolio,19
practical,2
delivered,3
collectibles,38
infrastructure,1
exclusive,7
originally,17
utilities,39
philosophy,5
regulation,8
reduction,2
nutrition,2
recording,7
secondary,11
wonderful,12
announced,2
prevention,0
mentioned,46
automatic,28
healthcare,3
maintained,45
increasing,35
connected,38
directors,22
participation,5
containing,8
combination,18
amendment,12
guaranteed,10
libraries,0
distributed,29
singapore,12
enterprises,19
convention,19
principal,12
certification,0
previously,0
buildings,0
household,5
batteries,10
positions,4
subscription,12
contemporary,1
panasonic,28
permalink,18
signature,9
provision,44
certainly,23
newspaper,26
liability,10
trademark,14
trackback,18
americans,18
promotion,9
conversion,12
reasonable,10
broadband,8
influence,0
importance,17
webmaster,3
prescription,16
specifically,27
represent,0
conservation,9
louisiana,33
javascript,21
marketplace,38
evolution,16
certificates,8
objectives,8
suggested,56
concerned,22
structures,43
encyclopedia,3
continuing,42
interracial,10
competitive,6
suppliers,5
preparation,30
receiving,9
accordance,7
discussed,13
elizabeth,16
reservations,19
playstation,26
instruction,21
annotation,5
differences,3
establish,11
expressed,10
paragraph,4
mathematics,7
compensation,14
conducted,2
percentage,16
mississippi,3
requested,9
connecticut,4
personals,0
immediate,3
agricultural,13
supporting,40
collections,3
participate,3
specialist,27
experienced,10
investigation,1
institution,16
searching,15
proceedings,11
transmission,23
characteristics,14
experiences,7
extremely,3
verzeichnis,3
contracts,7
concerning,2
developers,18
equivalent,3
chemistry,16
neighborhood,0
variables,4
continues,2
curriculum,13
psychology,75
responses,0
circumstances,1
identification,14
appliances,49
elementary,5
unlimited,1
printable,5
enforcement,16
hardcover,5
celebrity,18
chocolate,2
hampshire,13
bluetooth,41
controlled,11
requirement,5
authorities,3
representatives,19
pregnancy,13
biography,1
attractions,15
transactions,36
authorized,7
retirement,1
financing,20
efficiency,5
efficient,45
commitment,2
specialty,11
interviews,47
qualified,16
discovery,54
classified,22
confidence,1
lifestyle,8
consistent,10
clearance,37
connections,3
inventory,3
converter,18
organisation,26
objective,3
indicated,5
securities,5
volunteer,78
democratic,31
switzerland,7
parameter,16
processor,14
dimensions,10
contribute,28
challenges,5
recognition,1
submission,37
encourage,1
regulatory,1
inspection,8
consumers,50
territory,4
transaction,41
manchester,26
contributions,11
continuous,0
resulting,12
cambridge,66
initiative,12
execution,28
disability,5
increases,5
contractor,21
examination,9
indicates,7
committed,19
extensive,37
affordable,11
candidate,12
databases,12
outstanding,2
perspective,12
messenger,75
tournament,4
consideration,29
discounts,0
catalogue,26
publishers,64
caribbean,19
reservation,6
remaining,15
depending,17
expansion,70
purchased,14
performing,4
collected,6
absolutely,3
featuring,2
implement,2
scheduled,4
calculator,102
significantly,6
temporary,21
sufficient,5
awareness,0
vancouver,4
contribution,17
measurement,26
constitution,11
packaging,7
consultation,10
northwest,107
classroom,10
democracy,17
wallpaper,0
merchandise,26
resistance,61
baltimore,25
candidates,39
charlotte,8
biological,21
transition,42
preferences,1
instrument,3
classification,16
physician,3
hollywood,7
wikipedia,22
spiritual,2
photographs,2
relatively,2
satisfaction,8
represents,7
pittsburgh,17
preferred,3
intellectual,47
comfortable,6
interaction,17
listening,0
effectively,8
experimental,12
revolution,53
consolidation,26
landscape,22
dependent,5
mechanical,7
consultants,47
applicant,17
cooperation,9
acquisition,10
implemented,22
directories,11
recognized,16
notification,0
licensing,7
textbooks,26
diversity,11
cleveland,6
investments,24
accessibility,6
sensitive,23
templates,5
completion,18
universities,0
technique,5
contractors,33
subscriptions,3
calculate,33
alexander,27
broadcast,2
converted,21
anniversary,10
improvements,61
specification,37
accessible,19
accessory,1
typically,3
representation,3
arrangements,12
conferences,9
uniprotkb,0
consumption,11
birmingham,28
afternoon,5
consultant,8
controller,33
ownership,27
committees,3
legislative,5
researchers,67
unsubscribe,13
molecular,0
residence,2
attorneys,1
operators,6
sustainable,2
philippines,83
statistical,12
innovation,5
employers,21
definitions,70
elections,1
stainless,3
newspapers,7
hospitals,13
exception,6
successfully,11
indonesia,28
primarily,22
capabilities,8
recommendation,5
recruitment,15
organized,7
improving,37
expensive,12
organisations,10
explained,9
programmes,1
expertise,18
mechanism,24
jewellery,15
eventually,9
agreements,0
considering,0
innovative,16
conclusion,59
disorders,7
collaboration,43
detection,8
formation,3
engineers,0
proposals,2
moderator,3
tutorials,3
settlement,4
collectables,8
fantastic,4
governments,1
purchasing,4
appointed,0
operational,7
corresponding,34
descriptions,3
determination,16
animation,1
productions,41
telecommunications,12
instructor,13
approaches,6
highlights,11
designers,3
melbourne,15
scientists,4
blackjack,0
argentina,14
possibility,17
commissioner,60
dangerous,7
reliability,20
unfortunately,21
respectively,0
volunteers,51
attachment,11
appointment,30
workshops,10
hurricane,89
represented,20
mortgages,3
responsibilities,6
carefully,0
productivity,44
investors,13
underground,4
diagnosis,6
principle,13
vacations,0
calculated,6
appearance,0
incorporated,14
notebooks,9
algorithm,42
valentine,3
involving,2
investing,12
christopher,1
admission,19
terrorism,2
parliament,4
situations,13
allocated,36
corrections,9
structural,7
municipal,7
describes,15
disabilities,1
substance,3
prohibited,5
addressed,21
simulation,19
initiatives,2
concentration,10
interpretation,3
bankruptcy,0
optimization,52
substances,4
discovered,2
restrictions,54
participating,18
exhibition,16
composition,1
nationwide,3
definitely,4
existence,12
commentary,2
limousines,15
developments,6
immigration,3
destinations,40
necessarily,68
attribute,1
apparently,8
surrounding,1
mountains,5
popularity,44
postposted,28
coordinator,61
obviously,8
fundamental,14
substantial,14
progressive,34
championship,3
sacramento,32
impossible,20
depression,8
testimonials,2
memorabilia,13
cartridge,19
explanation,16
cincinnati,12
subsection,11
electricity,13
permitted,22
workplace,50
confirmed,11
wallpapers,32
infection,18
eligibility,4
involvement,2
placement,0
observations,14
vbulletin,19
subsequent,2
motorcycle,5
disclosure,15
establishment,12
presentations,40
undergraduate,7
occupation,30
donations,2
associations,0
citysearch,4
radiation,1
seriously,5
elsewhere,13
pollution,21
conservative,15
guestbook,1
effectiveness,4
demonstrate,117
atmosphere,17
experiment,1
purchases,25
federation,0
assignment,6
chemicals,9
everybody,19
nashville,37
counseling,4
acceptable,4
satisfied,5
measurements,10
milwaukee,26
medication,6
warehouse,19
shareware,5
violation,11
configure,6
stability,0
southwest,27
institutional,6
expectations,14
independence,67
metabolism,1
personally,9
excellence,37
somewhere,24
attributes,10
recognize,12
screening,23
thumbnail,4
forgotten,40
intelligent,10
edinburgh,18
obligation,4
regardless,19
restricted,13
republican,0
merchants,0
attendance,4
arguments,9
amsterdam,2
adventures,47
announcement,7
appreciate,7
regularly,11
mechanisms,4
customize,8
tradition,17
indicators,7
emissions,1
physicians,15
complaint,36
experiments,2
afghanistan,7
scholarship,14
governance,4
supplements,2
camcorder,3
implementing,25
ourselves,37
conversation,28
capability,13
producing,21
precision,11
contributed,14
reproduction,11
ingredients,1
franchise,17
complaints,9
promotions,3
rehabilitation,10
maintaining,3
environments,10
reception,5
correctly,0
consequences,22
geography,5
appearing,4
integrity,4
discrimination,12
processed,24
implications,0
functionality,21
intermediate,13
emotional,11
platforms,18
overnight,58
geographic,7
preliminary,8
districts,22
introduce,22
promotional,6
chevrolet,27
specialists,14
generator,7
suspension,2
correction,1
authentication,3
communicate,6
supplement,60
showtimes,18
promoting,5
machinery,2
bandwidth,0
probability,9
dimension,12
schedules,14
admissions,16
quarterly,49
illustrated,0
continental,2
alternate,11
achievement,18
limitations,4
automated,5
passenger,12
convenient,2
orientation,26
childhood,12
flexibility,15
jurisdiction,4
displaying,20
encouraged,3
cartridges,15
declaration,12
automation,19
advantages,11
preparing,19
recipient,9
extensions,12
athletics,13
southeast,4
alternatives,30
determining,11
personalized,11
conditioning,3
partnerships,10
destruction,7
increasingly,31
migration,26
basically,8
conventional,12
applicants,10
occupational,3
adjustment,2
treatments,5
camcorders,1
difficulty,0
collective,0
coalition,77
enrollment,5
producers,3
collector,17
interfaces,21
advertisers,6
representing,14
observation,43
restoration,24
convenience,1
returning,7
opposition,36
container,7
defendant,16
confirmation,18
supervisor,1
peripherals,3
bestsellers,7
departure,5
minneapolis,2
interactions,5
intervention,24
attraction,13
modification,1
customized,11
understood,30
assurance,1
happening,3
amendments,7
metropolitan,14
compilation,1
verification,3
attractive,7
recordings,6
jefferson,20
gardening,31
obligations,5
orchestra,71
polyphonic,8
outsourcing,30
adjustable,7
allocation,0
discipline,4
demonstrated,31
identifying,9
alphabetical,12
dispatched,8
installing,30
voluntary,61
photographer,20
messaging,8
constructed,37
additions,10
requiring,1
engagement,5
refinance,19
calendars,9
arrangement,28
conclusions,15
bibliography,8
compatibility,0
furthermore,4
cooperative,6
measuring,19
jacksonville,5
headquarters,1
transfers,4
transformation,22
attachments,2
administrators,3
personality,7
facilitate,16
subscriber,15
priorities,2
bookstore,60
parenting,19
incredible,8
commonwealth,29
pharmaceutical,58
manhattan,59
workforce,3
organizational,0
portuguese,33
everywhere,25
discharge,8
halloween,3
hazardous,13
methodology,19
housewares,8
reputation,12
resistant,8
democrats,45
recycling,11
qualifications,7
slideshow,18
variation,27
transferred,7
photograph,25
distributor,47
underlying,31
wrestling,27
photoshop,2
gathering,20
projection,30
mathematical,7
specialized,61
diagnostic,3
indianapolis,41
corporations,10
criticism,6
automobile,14
confidential,7
statutory,53
accommodations,4
northeast,3
downloaded,54
paintings,0
injection,24
yorkshire,24
populations,19
protective,47
initially,16
indicator,12
eliminate,0
sunglasses,21
preference,3
threshold,1
venezuela,46
exploration,59
sequences,25
astronomy,14
translate,0
announces,29
compression,15
establishing,5
constitutional,16
perfectly,7
instantly,20
litigation,3
submissions,25
broadcasting,1
horizontal,8
terrorist,11
informational,7
ecommerce,11
suffering,10
prospective,22
ultimately,32
artificial,3
spectacular,49
coordination,36
connector,7
affiliated,41
activation,16
naturally,27
subscribers,1
mitsubishi,9
underwear,72
potentially,1
constraints,31
inclusive,13
dimensional,4
considerable,66
selecting,9
processors,4
pantyhose,1
difficulties,33
complexity,5
constantly,25
barcelona,11
presidential,1
documentary,60
territories,19
palestinian,2
legislature,2
hospitality,25
procurement,25
theoretical,7
exercises,25
surveillance,7
protocols,63
highlight,21
substitute,2
inclusion,29
hopefully,0
brilliant,15
evaluated,31
assignments,27
termination,40
households,0
authentic,25
montgomery,27
architectural,8
louisville,26
macintosh,0
movements,7
amenities,17
virtually,11
authorization,6
projector,1
comparative,10
psychological,28
surprised,18
genealogy,4
expenditure,2
liverpool,34
connectivity,3
algorithms,21
similarly,2
collaborative,15
excluding,13
commander,1
suggestion,0
spotlight,7
investigate,21
connecting,4
logistics,5
proportion,4
significance,10
symposium,3
essentials,88
protecting,12
transmitted,28
screenshots,14
intensive,0
switching,19
correspondence,9
supervision,4
expenditures,31
separation,2
testimony,11
celebrities,2
mandatory,42
boundaries,18
syndication,14
celebration,49
filtering,4
luxembourg,48
offensive,11
deployment,25
colleagues,54
separated,9
directive,15
governing,0
retailers,8
occasionally,0
attending,8
recruiting,14
instructional,5
traveling,41
permissions,5
biotechnology,30
prescribed,41
catherine,3
reproduced,5
calculation,12
consolidated,9
occasions,16
equations,1
exceptional,16
respondents,3
considerations,6
queensland,25
musicians,46
composite,3
unavailable,5
essentially,13
designing,4
assessments,9
brunswick,57
sensitivity,3
preservation,46
streaming,21
intensity,3
technological,2
syndicate,8
antivirus,23
addressing,48
discounted,16
bangladesh,43
constitute,13
concluded,6
desperate,22
demonstration,23
governmental,6
manufactured,12
graduation,2
variations,16
addiction,3
springfield,5
synthesis,12
undefined,16
unemployment,8
enhancement,19
newcastle,41
performances,9
societies,10
brazilian,10
identical,5
petroleum,15
norwegian,4
retention,1
exchanges,13
soundtrack,14
wondering,8
profession,3
separately,11
physiology,1
collecting,26
participant,13
scholarships,1
recreational,2
dominican,32
friendship,3
expanding,45
provincial,20
investigations,33
medications,13
rochester,0
advertiser,9
encryption,0
downloadable,34
sophisticated,1
possession,17
laboratories,35
vegetables,22
thumbnails,12
stockings,29
respondent,8
destroyed,26
manufacture,11
wordpress,27
vulnerability,17
accountability,4
celebrate,0
accredited,27
appliance,0
compressed,5
scheduling,18
perspectives,7
mortality,3
christians,15
therapeutic,12
impressive,3
accordingly,8
architect,64
challenging,0
microwave,12
accidents,0
relocation,0
contributors,40
violations,17
temperatures,17
competitions,15
discretion,8
cosmetics,44
repository,13
concentrations,27
christianity,3
negotiations,6
realistic,9
generating,34
christina,1
congressional,4
photographic,5
modifications,20
millennium,0
achieving,11
fisheries,10
exceptions,23
reactions,10
macromedia,4
companion,42
divisions,3
additionally,19
fellowship,16
victorian,22
copyrights,6
lithuania,1
mastercard,1
chronicles,29
obtaining,14
distribute,18
decorative,3
enlargement,27
campaigns,35
conjunction,48
instances,25
indigenous,0
validation,1
corruption,15
incentives,28
cholesterol,15
differential,25
scientist,2
starsmerchant,14
arthritis,23
nevertheless,13
practitioners,4
transcript,0
inflation,11
compounds,0
contracting,5
structured,25
reasonably,61
graduates,18
recommends,0
controlling,14
distributors,9
arlington,5
particles,6
extraordinary,10
indicating,9
coordinate,2
exclusively,1
limitation,1
widescreen,3
illustration,38
construct,19
inquiries,22
inspiration,9
affecting,16
downloading,4
aggregate,19
forecasts,20
complicated,45
shopzilla,11
decorating,0
expressions,11
shakespeare,4
connectors,28
conflicts,2
travelers,83
offerings,20
incorrect,31
furnishings,24
guatemala,6
perception,11
renaissance,8
pathology,12
ordinance,5
photographers,8
infections,9
configured,32
festivals,19
possibilities,34
contributing,0
analytical,28
circulation,5
assumption,15
jerusalem,0
transexuales,24
invention,2
technician,2
executives,13
enquiries,69
cognitive,23
exploring,2
registrar,1
supporters,4
withdrawal,29
predicted,6
saskatchewan,35
cancellation,1
ministers,18
veterinary,15
prostores,47
relevance,5
incentive,4
butterfly,2
mechanics,35
numerical,39
reflection,1
accompanied,0
invitation,10
princeton,10
spirituality,6
meanwhile,8
proprietary,3
childrens,4
thumbzilla,36
porcelain,15
pichunter,7
translated,5
columnists,15
consensus,44
delivering,8
journalism,21
intention,17
undertaken,8
statewide,4
semiconductor,6
illustrations,7
happiness,0
substantially,7
identifier,1
calculations,19
conducting,23
accomplished,4
calculators,12
impression,0
correlation,0
fragrance,6
neighbors,19
transparent,28
charleston,10
champions,6
selections,0
projectors,7
inappropriate,37
comparing,25
vocational,10
pharmacies,8
introducing,8
appreciated,28
albuquerque,14
distinguished,4
projected,17
assumptions,6
shareholders,10
developmental,17
regulated,19
anticipated,11
completing,2
comparable,26
confusion,8
copyrighted,4
warranties,10
documented,4
paperbacks,27
keyboards,46
vulnerable,3
reflected,0
respiratory,7
notifications,5
transexual,4
mainstream,3
evaluating,2
subcommittee,36
maternity,7
journalists,25
foundations,6
volleyball,38
liabilities,8
decreased,8
tolerance,5
creativity,9
describing,1
lightning,10
quotations,9
inspector,27
bookmarks,20
behavioral,1
riverside,3
bathrooms,0
abilities,12
initiated,15
nonprofit,19
lancaster,119
suspended,7
containers,15
attitudes,0
simultaneously,0
integrate,5
sociology,49
screenshot,10
exhibitions,3
confident,44
retrieved,1
officially,15
consortium,0
recipients,11
delicious,7
traditions,1
periodically,12
hungarian,23
referring,5
transform,10
educators,4
vegetable,12
humanities,15
independently,39
alignment,10
masturbating,10
henderson,24
britannica,29
competitors,4
visibility,12
consciousness,42
encounter,0
resolutions,3
accessing,7
attempted,15
witnesses,8
administered,58
strengthen,14
frederick,10
aggressive,39
advertisements,1
sublimedirectory,42
disturbed,12
determines,35
sculpture,15
motivation,17
pharmacology,7
passengers,0
quantities,8
petersburg,16
consistently,9
powerpoint,1
obituaries,10
punishment,47
appreciation,1
subsequently,34
providence,45
restriction,6
incorporate,3
backgrounds,1
treasurer,25
lightweight,7
transcription,5
complications,20
scripting,25
remembered,17
synthetic,8
testament,65
specifics,14
partially,12
wilderness,19
generations,15
tournaments,13
sponsorship,1
headphones,11
proceeding,22
volkswagen,2
uncertainty,34
breakdown,42
reconstruction,27
subsidiary,21
strengths,1
encouraging,2
furnished,16
terrorists,2
comparisons,31
beneficial,5
distributions,49
viewpicture,51
threatened,3
republicans,36
discusses,1
responded,24
abstracts,25
prediction,12
pharmaceuticals,11
thesaurus,8
individually,15
battlefield,21
literally,17
ecological,16
appraisal,25
consisting,0
submitting,18
citations,4
geographical,3
mozambique,8
disclaimers,28
championships,10
sheffield,4
finishing,16
wellington,15
prospects,13
bulgarian,1
aboriginal,15
remarkable,10
preventing,9
productive,0
boulevard,10
compliant,73
penalties,11
imagination,10
refurbished,135
activated,6
conferencing,10
armstrong,6
politicians,18
trackbacks,48
accommodate,38
christine,43
accepting,21
precipitation,9
isolation,6
sustained,12
approximate,13
programmer,5
greetings,12
inherited,0
incomplete,2
chronicle,9
legitimate,6
biographies,46
investigator,0
plaintiff,8
prisoners,3
mediterranean,0
nightlife,14
architects,31
entrepreneur,22
freelance,3
excessive,6
screensaver,3
valuation,7
unexpected,37
cigarette,1
characteristic,16
metallica,0
consequently,11
appointments,9
narrative,1
academics,6
quantitative,3
screensavers,14
subdivision,23
distinction,11
livestock,3
exemption,6
sustainability,7
formatting,17
nutritional,21
nicaragua,0
affiliation,2
relatives,23
satisfactory,0
revolutionary,10
bracelets,4
telephony,2
breathing,18
thickness,45
adjustments,31
graphical,9
discussing,1
aerospace,51
meaningful,0
maintains,29
shortcuts,5
voyeurweb,1
extending,36
specifies,20
accreditation,43
blackberry,4
meditation,14
microphone,2
macedonia,7
combining,22
instrumental,6
organizing,39
moderators,13
kazakhstan,25
standings,5
partition,18
invisible,19
translations,46
commodity,6
kilometers,2
thanksgiving,8
guarantees,7
indication,2
congratulations,16
cigarettes,34
controllers,12
consultancy,0
conventions,8
coordinates,74
responding,9
physically,44
stakeholders,27
hydrocodone,26
consecutive,3
attempting,13
representations,9
competing,18
peninsula,3
accurately,36
considers,32
ministries,9
vacancies,33
parliamentary,33
acknowledge,22
thoroughly,29
nottingham,19
identifies,6
questionnaire,47
qualification,2
modelling,6
miniature,8
interstate,2
consequence,15
systematic,9
perceived,19
madagascar,8
presenting,77
troubleshooting,26
uzbekistan,7
centuries,5
magnitude,55
richardson,6
fragrances,9
vocabulary,3
earthquake,43
fundraising,0
geological,16
assessing,54
introduces,20
webmasters,74
computational,2
acdbentity,15
participated,3
handhelds,29
answering,11
impressed,3
conspiracy,0
organizer,17
combinations,6
preceding,10
cumulative,13
amplifier,45
arbitrary,37
prominent,6
lexington,6
contacted,25
recorders,35
occasional,9
innovations,1
postcards,10
reviewing,7
explicitly,2
transsexual,10
citizenship,31
informative,21
girlfriend,19
bloomberg,3
hierarchy,9
influenced,10
abandoned,0
complement,1
mauritius,27
checklist,0
requesting,15
lauderdale,0
scenarios,18
extraction,41
elevation,10
utilization,17
beverages,10
calibration,14
efficiently,3
entertaining,1
prerequisite,8
hypothesis,6
medicines,2
regression,44
enhancements,26
renewable,35
intersection,12
passwords,8
consistency,27
collectors,14
azerbaijan,0
astrology,16
occurring,1
supplemental,3
travelling,8
induction,15
precisely,1
spreading,2
provinces,11
widespread,12
incidence,3
incidents,11
enhancing,13
interference,10
palestine,4
listprice,2
atmospheric,14
knowledgestorm,5
referenced,25
publicity,11
proposition,3
allowance,0
designation,10
duplicate,32
criterion,20
civilization,13
vietnamese,9
tremendous,22
corrected,15
encountered,3
internationally,43
surrounded,13
creatures,0
commented,12
accomplish,7
vegetarian,30
newfoundland,10
investigated,23
ambassador,8
stephanie,1
contacting,7
vegetation,18
findarticles,75
specially,30
infectious,12
continuity,11
phenomenon,5
conscious,29
referrals,5
differently,20
integrating,1
revisions,34
reasoning,58
charitable,3
annotated,12
convinced,3
burlington,3
replacing,5
researcher,5
watershed,31
occupations,5
acknowledged,24
equilibrium,2
characterized,12
privilege,6
qualifying,25
estimation,13
pediatric,8
techrepublic,14
institutes,1
brochures,14
traveller,9
appropriations,57
suspected,12
benchmark,1
beginners,7
instructors,11
highlighted,13
stationery,6
unauthorized,4
competent,11
contributor,13
demonstrates,21
gradually,1
desirable,11
journalist,9
afterwards,14
religions,20
explosion,24
signatures,12
disciplines,37
daughters,21
conversations,19
simplified,6
motherboard,0
bibliographic,26
champagne,11
deviation,9
superintendent,11
housewives,0
influences,16
inspections,1
irrigation,14
hydraulic,21
robertson,8
penetration,2
conviction,57
omissions,5
retrieval,1
qualities,1
prototype,1
importantly,32
apparatus,17
explaining,29
nomination,13
empirical,38
dependence,32
sexuality,4
polyester,11
commitments,6
suggesting,6
remainder,2
privileges,0
televisions,9
specializing,40
commodities,13
motorcycles,3
concentrate,79
reproductive,21
molecules,8
refrigerator,11
intervals,11
sentences,8
exclusion,38
workstation,40
holocaust,44
receivers,0
disposition,41
navigator,4
investigators,9
marijuana,10
cathedral,3
fairfield,2
fascinating,0
landscapes,3
lafayette,0
computation,24
cardiovascular,18
salvation,2
predictions,39
accompanying,2
selective,12
arbitration,5
configuring,33
editorials,48
sacrifice,3
removable,1
convergence,22
gibraltar,9
anthropology,5
malpractice,3
reporters,2
necessity,2
rendering,5
hepatitis,12
nationally,24
waterproof,37
specialties,7
humanitarian,17
invitations,11
functioning,15
economies,1
alexandria,11
bacterial,28
undertake,4
continuously,2
achievements,5
convertible,3
secretariat,6
paragraphs,32
adolescent,27
nominations,21
cancelled,17
introductory,6
reservoir,12
occurrence,16
worcester,5
demographic,4
disciplinary,29
respected,36
portraits,30
interpreted,62
evaluations,25
elimination,2
hypothetical,1
immigrants,1
complimentary,4
helicopter,2
performer,5
commissions,7
powerseller,7
graduated,6
surprising,7
unnecessary,9
dramatically,59
yugoslavia,28
characterization,13
likelihood,7
fundamentals,1
contamination,16
endangered,34
compromise,3
masturbation,0
expiration,11
namespace,14
peripheral,18
negotiation,14
opponents,20
nominated,9
confidentiality,13
electoral,7
changelog,0
alternatively,49
greensboro,36
controversial,0
recovered,7
upgrading,2
frontpage,7
demanding,11
defensive,11
forbidden,0
programmers,33
monitored,4
installations,33
deutschland,3
practitioner,5
motivated,8
smithsonian,10
examining,49
revelation,2
delegation,12
dictionaries,2
greenhouse,0
transparency,6
currencies,28
survivors,45
positioning,16
descending,26
temporarily,5
frequencies,4
reflections,16
municipality,1
detective,9
experiencing,63
fireplace,41
endorsement,3
psychiatry,4
persistent,28
summaries,0
looksmart,34
magnificent,11
colleague,22
adaptation,5
paintball,23
enclosure,5
supervisors,97
westminster,32
distances,36
absorption,10
treasures,12
transcripts,0
disappointed,1
continually,5
communist,12
collectible,6
entrepreneurs,8
creations,2
acquisitions,9
biodiversity,0
excitement,29
presently,37
mysterious,4
librarian,1
subsidiaries,23
stockholm,2
indonesian,62
therapist,18
promising,31
relaxation,8
thereafter,0
commissioners,4
forwarding,0
nightmare,3
reductions,21
southampton,1
organisms,46
telescope,6
portsmouth,11
advancement,13
harassment,6
generators,0
generates,21
replication,16
inexpensive,17
receptors,19
interventions,4
huntington,6
internship,11
aluminium,0
snowboard,17
beastality,4
evanescence,20
coordinated,0
shipments,26
antarctica,20
chancellor,5
controversy,34
legendary,22
beautifully,3
antibodies,3
examinations,39
immunology,2
departmental,2
terminology,0
gentleman,68
reproduce,9
convicted,53
roommates,18
threatening,22
spokesman,4
activists,20
frankfurt,16
encourages,2
assembled,35
restructuring,3
terminals,7
simulations,2
sufficiently,5
conditional,2
crossword,17
conceptual,15
liechtenstein,45
translator,13
automobiles,52
continent,17
longitude,2
challenged,13
telecharger,22
insertion,28
instrumentation,10
constraint,4
groundwater,6
strengthening,30
insulation,3
infringement,36
subjective,55
swaziland,2
varieties,1
mediawiki,15
