information,4
available,0
copyright,5
university,10
management,0
international,1
development,3
education,22
community,0
technology,0
following,11
resources,2
including,3
directory,1
government,20
department,7
description,0
insurance,8
different,1
categories,0
conditions,5
accessories,7
september,0
questions,2
application,14
financial,3
equipment,0
performance,1
experience,2
important,3
activities,0
additional,2
something,4
professional,0
committee,2
washington,0
california,5
reference,3
companies,3
computers,15
president,6
australia,5
discussion,0
entertainment,0
agreement,0
marketing,1
association,1
collection,2
solutions,2
electronics,4
technical,0
microsoft,1
conference,0
environment,1
statement,0
downloads,3
applications,1
requirements,0
individual,2
subscribe,3
everything,0
production,10
commercial,10
advertising,9
treatment,1
newsletter,3
knowledge,0
currently,0
construction,0
registered,3
protection,0
engineering,1
published,0
corporate,1
customers,3
materials,7
countries,2
standards,19
political,0
advertise,10
environmental,5
availability,3
employment,10
commission,18
administration,1
institute,4
sponsored,5
electronic,1
condition,1
effective,9
organization,4
selection,1
corporation,3
executive,5
necessary,5
according,4
particular,3
facilities,1
opportunities,5
appropriate,0
statistics,2
investment,6
christmas,1
registration,7
furniture,0
wednesday,3
structure,3
distribution,2
industrial,0
potential,0
responsible,5
communications,0
associated,0
foundation,5
documents,10
communication,4
independent,8
operating,3
developed,2
telephone,3
population,8
navigation,6
operations,3
therefore,1
christian,0
understand,11
publications,3
worldwide,4
connection,0
publisher,0
introduction,4
properties,0
accommodation,3
excellent,0
opportunity,4
assessment,4
especially,0
interface,1
operation,1
restaurants,0
beautiful,0
locations,0
significant,5
technologies,11
manufacturer,3
providing,0
authority,3
considered,1
programme,1
enterprise,9
educational,6
employees,2
alternative,8
processing,0
responsibility,0
resolution,0
publication,1
relations,0
photography,0
components,2
assistance,3
completed,6
organizations,0
otherwise,11
transportation,0
disclaimer,5
membership,2
recommended,6
background,1
character,4
maintenance,0
functions,0
trademarks,3
phentermine,2
submitted,1
television,8
interested,0
throughout,1
established,0
programming,5
regarding,1
instructions,0
increased,7
understanding,4
beginning,7
associates,1
instruments,12
businesses,2
specified,4
restaurant,1
procedures,0
relationship,2
traditional,0
sometimes,4
themselves,0
transport,0
interesting,8
evaluation,0
implementation,1
galleries,0
references,1
presented,1
literature,1
respective,4
definition,18
secretary,9
networking,0
australian,1
magazines,1
francisco,16
individuals,1
guidelines,1
installation,0
described,0
attention,2
difference,0
regulations,9
certificate,8
directions,0
documentation,0
automotive,1
successful,4
communities,2
situation,2
publishing,2
emergency,1
developing,1
determine,0
temperature,2
announcements,1
historical,0
ringtones,2
difficult,4
scientific,0
satellite,1
particularly,4
functional,0
monitoring,1
architecture,4
recommend,5
dictionary,2
accounting,0
manufacturing,0
professor,3
generally,6
continued,4
techniques,1
permission,6
generation,3
component,0
guarantee,3
processes,0
interests,3
paperback,0
classifieds,1
supported,0
competition,1
providers,1
characters,0
thousands,4
apartments,0
generated,0
administrative,0
practices,2
reporting,4
essential,4
affiliate,8
immediately,3
designated,5
integrated,11
configuration,4
comprehensive,3
universal,1
presentation,1
languages,0
compliance,0
improvement,0
pennsylvania,0
challenge,2
acceptance,5
strategies,0
affiliates,0
multimedia,1
certified,4
computing,0
interactive,0
procedure,6
leadership,1
religious,1
breakfast,7
developer,7
approximately,14
recommendations,7
comparison,1
automatically,10
minnesota,2
adventure,0
institutions,4
assistant,3
advertisement,17
headlines,0
yesterday,0
determined,0
wholesale,3
extension,2
statements,1
completely,0
electrical,0
applicable,5
manufacturers,1
classical,2
dedicated,2
direction,0
basketball,5
wisconsin,14
personnel,3
identified,1
professionals,0
advantage,5
newsletters,2
estimated,10
anonymous,1
miscellaneous,0
integration,9
interview,8
framework,2
installed,0
massachusetts,0
associate,0
frequently,2
discussions,0
laboratory,0
destination,0
intelligence,0
specifications,1
tripadvisor,6
residential,2
decisions,3
industries,1
partnership,5
editorial,0
expression,1
provisions,3
principles,3
suggestions,5
replacement,10
strategic,2
economics,11
compatible,4
apartment,8
netherlands,1
consulting,1
recreation,1
participants,0
favorites,8
translation,8
estimates,7
protected,2
philadelphia,17
officials,4
contained,3
legislation,4
parameters,1
relationships,1
tennessee,4
representative,1
frequency,0
introduced,5
departments,0
residents,1
displayed,3
performed,8
administrator,11
addresses,0
permanent,3
agriculture,2
constitutes,0
portfolio,1
practical,1
delivered,2
collectibles,0
infrastructure,0
exclusive,6
originally,10
utilities,1
philosophy,1
regulation,6
reduction,7
nutrition,0
recording,0
secondary,5
wonderful,3
announced,1
prevention,0
mentioned,1
automatic,1
healthcare,0
maintained,7
increasing,1
connected,3
directors,4
participation,7
containing,5
combination,0
amendment,2
guaranteed,1
libraries,4
distributed,11
singapore,0
enterprises,1
convention,7
principal,1
certification,5
previously,1
buildings,3
household,1
batteries,3
positions,2
subscription,0
contemporary,19
panasonic,2
permalink,0
signature,4
provision,8
certainly,1
newspaper,0
liability,16
trademark,1
trackback,2
americans,0
promotion,1
conversion,6
reasonable,2
broadband,1
influence,2
importance,1
webmaster,0
prescription,0
specifically,1
represent,0
conservation,2
louisiana,5
javascript,16
marketplace,1
evolution,9
certificates,4
objectives,13
suggested,10
concerned,5
structures,1
encyclopedia,4
continuing,4
interracial,1
competitive,2
suppliers,2
preparation,0
receiving,0
accordance,0
discussed,5
elizabeth,0
reservations,0
playstation,0
instruction,1
annotation,7
differences,11
establish,11
expressed,1
paragraph,0
mathematics,3
compensation,0
conducted,0
percentage,1
mississippi,12
requested,1
connecticut,7
personals,1
immediate,0
agricultural,12
supporting,3
collections,1
participate,18
specialist,4
experienced,6
investigation,2
institution,3
searching,7
proceedings,5
transmission,0
characteristics,0
experiences,2
extremely,1
verzeichnis,0
contracts,8
concerning,0
developers,3
equivalent,2
chemistry,2
neighborhood,12
variables,3
continues,0
curriculum,2
psychology,1
responses,1
circumstances,5
identification,9
appliances,2
elementary,1
unlimited,2
printable,9
enforcement,1
hardcover,3
celebrity,4
chocolate,1
hampshire,4
bluetooth,3
controlled,4
requirement,5
authorities,2
representatives,0
pregnancy,2
biography,4
attractions,1
transactions,5
authorized,1
retirement,16
financing,7
efficiency,0
efficient,0
commitment,7
specialty,1
interviews,0
qualified,13
discovery,3
classified,1
confidence,5
lifestyle,1
consistent,16
clearance,2
connections,0
inventory,5
converter,4
organisation,4
objective,10
indicated,7
securities,2
volunteer,1
democratic,6
switzerland,1
parameter,1
processor,2
dimensions,2
contribute,4
challenges,0
recognition,3
submission,9
encourage,4
regulatory,1
inspection,6
consumers,3
territory,0
transaction,0
manchester,6
contributions,10
continuous,1
resulting,7
cambridge,4
initiative,1
execution,3
disability,11
increases,4
contractor,4
examination,0
indicates,1
committed,11
extensive,1
affordable,1
candidate,0
databases,2
outstanding,0
perspective,0
messenger,3
tournament,4
consideration,0
discounts,1
catalogue,1
publishers,3
caribbean,4
reservation,23
remaining,2
depending,0
expansion,1
purchased,6
performing,0
collected,0
absolutely,5
featuring,7
implement,4
scheduled,5
calculator,5
significantly,0
temporary,3
sufficient,1
awareness,13
vancouver,5
contribution,3
measurement,4
constitution,3
packaging,0
consultation,4
northwest,2
classroom,16
democracy,0
wallpaper,0
merchandise,11
resistance,1
baltimore,0
candidates,2
charlotte,1
biological,2
transition,11
preferences,2
instrument,0
classification,2
physician,0
hollywood,0
wikipedia,0
spiritual,1
photographs,0
relatively,5
satisfaction,11
represents,2
pittsburgh,3
preferred,4
intellectual,1
comfortable,1
interaction,0
listening,3
effectively,0
experimental,7
revolution,3
consolidation,2
landscape,2
dependent,1
mechanical,1
consultants,10
applicant,2
cooperation,0
acquisition,1
implemented,0
directories,4
recognized,9
notification,1
licensing,7
textbooks,1
diversity,13
cleveland,0
investments,4
accessibility,8
sensitive,1
templates,2
completion,3
universities,0
technique,1
contractors,16
subscriptions,7
calculate,3
alexander,3
broadcast,7
converted,3
anniversary,0
improvements,1
specification,2
accessible,2
accessory,0
typically,4
representation,0
arrangements,8
conferences,0
uniprotkb,7
consumption,4
birmingham,3
afternoon,0
consultant,0
controller,6
ownership,11
committees,0
legislative,3
researchers,0
unsubscribe,5
molecular,1
residence,10
attorneys,4
operators,2
sustainable,12
philippines,6
statistical,2
innovation,1
employers,0
definitions,4
elections,21
stainless,1
newspapers,2
hospitals,2
exception,4
successfully,11
indonesia,14
primarily,3
capabilities,1
recommendation,1
recruitment,2
organized,3
improving,3
expensive,4
organisations,3
explained,0
programmes,1
expertise,0
mechanism,2
jewellery,5
eventually,3
agreements,2
considering,0
innovative,4
conclusion,5
disorders,0
collaboration,0
detection,0
formation,2
engineers,10
proposals,1
moderator,6
tutorials,0
settlement,0
collectables,9
fantastic,4
governments,0
purchasing,1
appointed,8
operational,2
corresponding,0
descriptions,7
determination,3
animation,10
productions,0
telecommunications,0
instructor,0
approaches,5
highlights,9
designers,2
melbourne,4
scientists,8
blackjack,2
argentina,2
possibility,0
commissioner,3
dangerous,4
reliability,0
unfortunately,1
respectively,3
volunteers,8
attachment,2
appointment,2
workshops,2
hurricane,12
represented,4
mortgages,2
responsibilities,0
carefully,2
productivity,0
investors,2
underground,5
diagnosis,4
principle,1
vacations,7
calculated,6
appearance,5
incorporated,0
notebooks,2
algorithm,0
valentine,2
involving,2
investing,8
christopher,3
admission,0
terrorism,1
parliament,4
situations,1
allocated,2
corrections,5
structural,10
municipal,0
describes,8
disabilities,1
substance,0
prohibited,6
addressed,10
simulation,1
initiatives,11
concentration,7
interpretation,3
bankruptcy,1
optimization,1
substances,2
discovered,4
restrictions,1
participating,3
exhibition,4
composition,1
nationwide,4
definitely,0
existence,0
commentary,2
limousines,0
developments,3
immigration,9
destinations,10
necessarily,0
attribute,2
apparently,6
surrounding,0
mountains,0
popularity,2
postposted,1
coordinator,3
obviously,0
fundamental,7
substantial,5
progressive,1
championship,2
sacramento,0
impossible,0
depression,3
testimonials,12
memorabilia,0
cartridge,0
explanation,11
cincinnati,4
subsection,1
electricity,7
permitted,4
workplace,1
confirmed,7
wallpapers,2
infection,2
eligibility,5
involvement,3
placement,1
observations,5
vbulletin,2
subsequent,0
motorcycle,1
disclosure,0
establishment,5
presentations,0
undergraduate,0
occupation,4
donations,7
associations,1
citysearch,2
radiation,0
seriously,0
elsewhere,0
pollution,3
conservative,6
guestbook,0
effectiveness,1
demonstrate,2
atmosphere,2
experiment,0
purchases,3
federation,1
assignment,1
chemicals,1
everybody,0
nashville,4
counseling,3
acceptable,2
satisfied,0
measurements,2
milwaukee,0
medication,1
warehouse,1
shareware,1
violation,4
configure,0
stability,0
southwest,9
institutional,0
expectations,2
independence,3
metabolism,5
personally,0
excellence,4
somewhere,0
attributes,9
recognize,5
screening,5
thumbnail,3
forgotten,1
intelligent,1
edinburgh,1
obligation,0
regardless,2
restricted,1
republican,5
merchants,0
attendance,0
arguments,14
amsterdam,11
adventures,1
announcement,2
appreciate,0
regularly,1
mechanisms,2
customize,4
tradition,1
indicators,9
emissions,4
physicians,3
complaint,1
experiments,0
afghanistan,4
scholarship,3
governance,1
supplements,0
camcorder,2
implementing,1
ourselves,0
conversation,3
capability,0
producing,5
precision,4
contributed,7
reproduction,16
ingredients,2
franchise,2
complaints,3
promotions,6
rehabilitation,8
maintaining,2
environments,0
reception,3
correctly,1
consequences,4
geography,7
appearing,3
integrity,1
discrimination,3
processed,9
implications,2
functionality,0
intermediate,2
emotional,5
platforms,3
overnight,8
geographic,5
preliminary,9
districts,1
introduce,4
promotional,0
chevrolet,3
specialists,4
generator,0
suspension,1
correction,2
authentication,1
communicate,1
supplement,3
showtimes,1
promoting,0
machinery,2
bandwidth,0
probability,1
dimension,2
schedules,0
admissions,1
quarterly,1
illustrated,8
continental,1
alternate,2
achievement,0
limitations,0
automated,0
passenger,8
convenient,0
orientation,4
childhood,0
flexibility,4
jurisdiction,0
displaying,1
encouraged,0
cartridges,5
declaration,0
automation,5
advantages,1
preparing,0
recipient,1
extensions,1
athletics,0
southeast,1
alternatives,8
determining,4
personalized,1
conditioning,1
partnerships,7
destruction,19
increasingly,1
migration,1
basically,3
conventional,1
applicants,7
occupational,1
adjustment,3
treatments,5
camcorders,6
difficulty,1
collective,5
coalition,8
enrollment,1
producers,2
collector,0
interfaces,10
advertisers,0
representing,0
observation,1
restoration,0
convenience,0
returning,2
opposition,2
container,2
defendant,1
confirmation,3
supervisor,0
peripherals,2
bestsellers,4
departure,7
minneapolis,0
interactions,0
intervention,3
attraction,1
modification,0
customized,1
understood,6
assurance,11
happening,3
amendments,0
metropolitan,2
compilation,2
verification,2
attractive,2
recordings,1
jefferson,0
gardening,10
obligations,10
orchestra,3
polyphonic,1
outsourcing,0
adjustable,0
allocation,0
discipline,0
demonstrated,5
identifying,0
alphabetical,0
dispatched,1
installing,2
voluntary,5
photographer,0
messaging,1
constructed,1
additions,5
requiring,10
engagement,0
refinance,9
calendars,4
arrangement,0
conclusions,6
bibliography,4
compatibility,1
furthermore,0
cooperative,12
measuring,1
jacksonville,4
headquarters,1
transfers,4
transformation,3
attachments,2
administrators,2
personality,5
facilitate,1
subscriber,0
priorities,1
bookstore,6
parenting,0
incredible,3
commonwealth,1
pharmaceutical,0
manhattan,1
workforce,0
organizational,5
portuguese,0
everywhere,3
discharge,9
halloween,5
hazardous,1
methodology,1
housewares,6
reputation,4
resistant,4
democrats,2
recycling,2
qualifications,1
slideshow,0
variation,0
transferred,0
photograph,8
distributor,4
underlying,1
wrestling,7
photoshop,1
gathering,12
projection,1
mathematical,0
specialized,1
diagnostic,4
indianapolis,3
corporations,8
criticism,2
automobile,8
confidential,6
statutory,0
accommodations,2
northeast,0
downloaded,2
paintings,1
injection,2
yorkshire,1
populations,2
protective,3
initially,0
indicator,5
eliminate,0
sunglasses,1
preference,0
threshold,2
venezuela,1
exploration,6
sequences,0
astronomy,4
translate,0
announces,5
compression,3
establishing,1
constitutional,0
perfectly,3
instantly,0
litigation,4
submissions,3
broadcasting,7
horizontal,2
terrorist,11
informational,9
ecommerce,3
suffering,1
prospective,1
ultimately,3
artificial,0
spectacular,2
coordination,2
connector,2
affiliated,0
activation,16
naturally,2
subscribers,1
mitsubishi,2
underwear,8
potentially,4
constraints,2
inclusive,6
dimensional,3
considerable,12
selecting,2
processors,0
pantyhose,0
difficulties,14
complexity,3
constantly,10
barcelona,6
presidential,5
documentary,0
territories,4
palestinian,4
legislature,1
hospitality,3
procurement,1
theoretical,2
exercises,3
surveillance,1
protocols,3
highlight,1
substitute,7
inclusion,7
hopefully,1
brilliant,10
evaluated,2
assignments,5
termination,3
households,9
authentic,4
montgomery,10
architectural,2
louisville,2
macintosh,0
movements,0
amenities,13
virtually,0
authorization,0
projector,0
comparative,1
psychological,5
surprised,1
genealogy,1
expenditure,4
liverpool,6
connectivity,0
algorithms,0
similarly,4
collaborative,2
excluding,2
commander,4
suggestion,1
spotlight,2
investigate,2
connecting,1
logistics,5
proportion,11
significance,2
symposium,2
essentials,3
protecting,2
transmitted,1
screenshots,1
intensive,5
switching,3
correspondence,1
supervision,5
expenditures,1
separation,0
testimony,0
celebrities,0
mandatory,0
boundaries,3
syndication,0
celebration,0
filtering,0
luxembourg,6
offensive,3
deployment,1
colleagues,3
separated,0
directive,2
governing,3
retailers,2
occasionally,0
attending,0
recruiting,1
instructional,6
traveling,0
permissions,1
biotechnology,0
prescribed,4
catherine,0
reproduced,5
calculation,1
consolidated,0
occasions,7
equations,1
exceptional,16
respondents,2
considerations,3
queensland,2
musicians,8
composite,6
unavailable,2
essentially,0
designing,5
assessments,1
brunswick,0
sensitivity,0
preservation,0
streaming,0
intensity,0
technological,2
syndicate,0
antivirus,1
addressing,0
discounted,1
bangladesh,1
constitute,1
concluded,5
desperate,2
demonstration,3
governmental,4
manufactured,0
graduation,2
variations,0
addiction,5
springfield,0
synthesis,2
undefined,1
unemployment,1
enhancement,3
newcastle,3
performances,1
societies,0
brazilian,4
identical,3
petroleum,6
norwegian,2
retention,6
exchanges,1
soundtrack,6
wondering,2
profession,2
separately,2
physiology,0
collecting,4
participant,1
scholarships,12
recreational,13
dominican,4
friendship,1
expanding,2
provincial,1
investigations,4
medications,6
rochester,3
advertiser,1
encryption,0
downloadable,2
sophisticated,3
possession,0
laboratories,2
vegetables,4
thumbnails,1
stockings,0
respondent,2
destroyed,4
manufacture,1
wordpress,2
vulnerability,4
accountability,0
celebrate,18
accredited,0
appliance,0
compressed,1
scheduling,6
perspectives,0
mortality,0
christians,0
therapeutic,2
impressive,8
accordingly,1
architect,2
challenging,3
microwave,4
accidents,9
relocation,1
contributors,1
violations,2
temperatures,1
competitions,2
discretion,0
cosmetics,2
repository,0
concentrations,1
christianity,2
negotiations,7
realistic,0
generating,0
christina,10
congressional,0
photographic,1
modifications,2
millennium,0
achieving,3
fisheries,2
exceptions,1
reactions,0
macromedia,12
companion,2
divisions,11
additionally,1
fellowship,5
victorian,0
copyrights,10
lithuania,2
mastercard,0
chronicles,1
obtaining,3
distribute,7
decorative,2
enlargement,3
campaigns,3
conjunction,1
instances,1
indigenous,4
validation,1
corruption,6
incentives,1
cholesterol,5
differential,1
scientist,6
starsmerchant,0
arthritis,0
nevertheless,2
practitioners,4
transcript,0
inflation,1
compounds,10
contracting,3
structured,0
reasonably,3
graduates,2
recommends,0
controlling,5
distributors,0
arlington,0
particles,5
extraordinary,0
indicating,6
coordinate,2
exclusively,3
limitation,2
widescreen,3
illustration,4
construct,1
inquiries,2
inspiration,0
affecting,3
downloading,1
aggregate,5
forecasts,9
complicated,0
shopzilla,0
decorating,9
expressions,6
shakespeare,2
connectors,1
conflicts,4
travelers,0
offerings,1
incorrect,5
furnishings,2
guatemala,0
perception,23
renaissance,6
pathology,1
ordinance,1
photographers,3
infections,1
configured,0
festivals,0
possibilities,2
contributing,2
analytical,2
circulation,1
assumption,13
jerusalem,2
transexuales,3
invention,10
technician,3
executives,1
enquiries,4
cognitive,4
exploring,1
registrar,0
supporters,3
withdrawal,0
predicted,0
saskatchewan,2
cancellation,5
ministers,1
veterinary,3
prostores,2
relevance,1
incentive,4
butterfly,3
mechanics,6
numerical,7
reflection,1
accompanied,4
invitation,1
princeton,3
spirituality,11
meanwhile,2
proprietary,0
childrens,3
thumbzilla,1
porcelain,1
pichunter,1
translated,1
columnists,0
consensus,0
delivering,3
journalism,5
intention,2
undertaken,4
statewide,4
semiconductor,1
illustrations,4
happiness,1
substantially,7
identifier,0
calculations,0
conducting,2
accomplished,1
calculators,6
impression,1
correlation,4
fragrance,8
neighbors,6
transparent,9
charleston,0
champions,9
selections,10
projectors,14
inappropriate,0
comparing,7
vocational,0
pharmacies,1
introducing,1
appreciated,3
albuquerque,1
distinguished,3
projected,4
assumptions,4
shareholders,0
developmental,4
regulated,0
anticipated,1
completing,5
comparable,1
confusion,3
copyrighted,1
warranties,3
documented,2
paperbacks,0
keyboards,2
vulnerable,2
reflected,2
respiratory,9
notifications,2
transexual,0
mainstream,0
evaluating,1
subcommittee,2
maternity,2
journalists,3
foundations,3
volleyball,1
liabilities,1
decreased,11
tolerance,2
creativity,0
describing,9
lightning,11
quotations,4
inspector,5
bookmarks,2
behavioral,1
riverside,0
bathrooms,3
abilities,5
initiated,5
nonprofit,2
lancaster,3
suspended,1
containers,0
attitudes,12
simultaneously,3
integrate,0
sociology,1
screenshot,1
exhibitions,3
confident,1
retrieved,1
officially,3
consortium,1
recipients,4
delicious,2
traditions,0
periodically,1
hungarian,0
referring,1
transform,4
educators,6
vegetable,2
humanities,0
independently,1
alignment,7
masturbating,0
henderson,1
britannica,1
competitors,1
visibility,4
consciousness,2
encounter,3
resolutions,0
accessing,0
attempted,1
witnesses,3
administered,3
strengthen,1
frederick,7
aggressive,0
advertisements,8
sublimedirectory,1
disturbed,0
determines,0
sculpture,0
motivation,0
pharmacology,7
passengers,1
quantities,4
petersburg,0
consistently,0
powerpoint,0
obituaries,1
punishment,2
appreciation,6
subsequently,2
providence,1
restriction,2
incorporate,0
backgrounds,1
treasurer,0
lightweight,0
transcription,10
complications,5
scripting,0
remembered,1
synthetic,1
testament,11
specifics,20
partially,4
wilderness,0
generations,2
tournaments,4
sponsorship,3
headphones,0
proceeding,4
volkswagen,0
uncertainty,3
breakdown,1
reconstruction,6
subsidiary,2
strengths,5
encouraging,1
furnished,1
terrorists,5
comparisons,8
beneficial,0
distributions,1
viewpicture,3
threatened,6
republicans,6
discusses,4
responded,18
abstracts,2
prediction,4
pharmaceuticals,1
thesaurus,2
individually,3
battlefield,16
literally,0
ecological,4
appraisal,1
consisting,4
submitting,8
citations,0
geographical,1
mozambique,3
disclaimers,6
championships,1
sheffield,7
finishing,1
wellington,2
prospects,1
bulgarian,0
aboriginal,1
remarkable,0
preventing,1
productive,0
boulevard,11
compliant,3
penalties,1
imagination,1
refurbished,0
activated,1
conferencing,0
armstrong,1
politicians,1
trackbacks,0
accommodate,6
christine,1
accepting,0
precipitation,5
isolation,2
sustained,11
approximate,2
programmer,4
greetings,16
inherited,2
incomplete,0
chronicle,1
legitimate,0
biographies,7
investigator,6
plaintiff,2
prisoners,4
mediterranean,8
nightlife,7
architects,3
entrepreneur,0
freelance,5
excessive,0
screensaver,8
valuation,4
unexpected,11
cigarette,5
characteristic,1
metallica,3
consequently,0
appointments,2
narrative,3
academics,2
quantitative,3
screensavers,6
subdivision,7
distinction,1
livestock,0
exemption,5
sustainability,2
formatting,1
nutritional,7
nicaragua,2
affiliation,1
relatives,0
satisfactory,3
revolutionary,10
bracelets,5
telephony,3
breathing,1
thickness,3
adjustments,9
graphical,4
discussing,5
aerospace,3
meaningful,0
maintains,9
shortcuts,6
voyeurweb,1
extending,7
specifies,18
accreditation,0
blackberry,0
meditation,3
microphone,0
macedonia,2
combining,5
instrumental,0
organizing,4
moderators,1
kazakhstan,3
standings,0
partition,1
invisible,7
translations,5
commodity,7
kilometers,1
thanksgiving,5
guarantees,1
indication,1
congratulations,0
cigarettes,0
controllers,2
consultancy,1
conventions,4
coordinates,1
responding,3
physically,3
stakeholders,1
hydrocodone,2
consecutive,6
attempting,0
representations,2
competing,0
peninsula,0
accurately,5
considers,4
ministries,9
vacancies,1
parliamentary,0
acknowledge,0
thoroughly,2
nottingham,2
identifies,4
questionnaire,4
qualification,0
modelling,2
miniature,1
interstate,0
consequence,5
systematic,4
perceived,3
madagascar,4
presenting,7
troubleshooting,2
uzbekistan,3
centuries,2
magnitude,14
richardson,6
fragrances,5
vocabulary,2
earthquake,8
fundraising,6
geological,0
assessing,3
introduces,0
webmasters,4
computational,5
acdbentity,10
participated,6
handhelds,0
answering,0
impressed,0
conspiracy,0
organizer,4
combinations,6
preceding,2
cumulative,6
amplifier,0
arbitrary,0
prominent,2
lexington,5
contacted,0
recorders,3
occasional,6
innovations,2
postcards,0
reviewing,8
explicitly,3
transsexual,1
citizenship,1
informative,0
girlfriend,0
bloomberg,0
hierarchy,3
influenced,5
abandoned,6
complement,6
mauritius,0
checklist,1
requesting,3
lauderdale,3
scenarios,0
extraction,1
elevation,0
utilization,1
beverages,0
calibration,0
efficiently,1
entertaining,13
prerequisite,3
hypothesis,5
medicines,0
regression,3
enhancements,10
renewable,0
intersection,0
passwords,2
consistency,7
collectors,3
azerbaijan,2
astrology,1
occurring,15
supplemental,5
travelling,2
induction,1
precisely,0
spreading,1
provinces,15
widespread,3
incidence,1
incidents,0
enhancing,4
interference,3
palestine,1
listprice,1
atmospheric,2
knowledgestorm,0
referenced,7
publicity,4
proposition,1
allowance,3
designation,4
duplicate,1
criterion,2
civilization,1
vietnamese,4
tremendous,1
corrected,5
encountered,2
internationally,1
surrounded,7
creatures,3
commented,0
accomplish,0
vegetarian,2
newfoundland,13
investigated,0
ambassador,2
stephanie,1
contacting,5
vegetation,5
findarticles,0
specially,2
infectious,4
continuity,1
phenomenon,1
conscious,2
referrals,2
differently,0
integrating,2
revisions,0
reasoning,2
charitable,2
annotated,3
convinced,4
burlington,3
replacing,4
researcher,2
watershed,1
occupations,0
acknowledged,4
equilibrium,6
characterized,1
privilege,3
qualifying,2
estimation,4
pediatric,2
techrepublic,3
institutes,0
brochures,1
traveller,0
appropriations,0
suspected,0
benchmark,0
beginners,10
instructors,3
highlighted,2
stationery,1
unauthorized,7
competent,2
contributor,2
demonstrates,1
gradually,0
desirable,1
journalist,7
afterwards,0
religions,5
explosion,0
signatures,3
disciplines,1
daughters,2
conversations,2
simplified,8
motherboard,6
bibliographic,0
champagne,2
deviation,1
superintendent,7
housewives,1
influences,1
inspections,3
irrigation,0
hydraulic,3
robertson,7
penetration,12
conviction,9
omissions,1
retrieval,2
qualities,0
prototype,10
importantly,4
apparatus,6
explaining,5
nomination,2
empirical,0
dependence,1
sexuality,3
polyester,2
commitments,2
suggesting,7
remainder,2
privileges,5
televisions,4
specializing,4
commodities,2
motorcycles,3
concentrate,0
reproductive,2
molecules,3
refrigerator,2
intervals,0
sentences,5
exclusion,2
workstation,10
holocaust,0
receivers,0
disposition,1
navigator,10
investigators,3
marijuana,0
cathedral,1
fairfield,10
fascinating,4
landscapes,0
lafayette,6
computation,5
cardiovascular,3
salvation,1
predictions,9
accompanying,2
selective,15
arbitration,6
configuring,0
editorials,1
sacrifice,3
removable,2
convergence,1
gibraltar,0
anthropology,2
malpractice,6
reporters,2
necessity,8
rendering,0
hepatitis,0
nationally,5
waterproof,0
specialties,12
humanitarian,7
invitations,0
functioning,2
economies,8
alexandria,1
bacterial,4
undertake,4
continuously,0
achievements,8
convertible,1
secretariat,5
paragraphs,0
adolescent,1
nominations,1
cancelled,0
introductory,3
reservoir,13
occurrence,0
worcester,16
demographic,8
disciplinary,5
respected,1
portraits,4
interpreted,5
evaluations,4
elimination,7
hypothetical,11
immigrants,3
complimentary,7
helicopter,2
performer,7
commissions,3
powerseller,2
graduated,4
surprising,2
unnecessary,2
dramatically,5
yugoslavia,1
characterization,11
likelihood,15
fundamentals,4
contamination,5
endangered,1
compromise,8
masturbation,7
expiration,0
namespace,2
peripheral,1
negotiation,3
opponents,1
nominated,5
confidentiality,3
electoral,0
changelog,4
alternatively,4
greensboro,0
controversial,10
recovered,4
upgrading,5
frontpage,3
demanding,0
defensive,0
forbidden,2
programmers,0
monitored,5
installations,3
deutschland,2
practitioner,4
motivated,2
smithsonian,4
examining,4
revelation,2
delegation,0
dictionaries,8
greenhouse,8
transparency,2
currencies,6
survivors,8
positioning,6
descending,2
temporarily,0
frequencies,1
reflections,1
municipality,2
detective,4
experiencing,4
fireplace,0
endorsement,2
psychiatry,2
persistent,1
summaries,4
looksmart,0
magnificent,0
colleague,0
adaptation,0
paintball,1
enclosure,1
supervisors,1
westminster,2
distances,1
absorption,2
treasures,4
transcripts,0
disappointed,0
continually,1
communist,1
collectible,1
entrepreneurs,0
creations,2
acquisitions,6
biodiversity,7
excitement,2
presently,1
mysterious,6
librarian,0
subsidiaries,0
stockholm,6
indonesian,0
therapist,2
promising,0
relaxation,2
thereafter,1
commissioners,0
forwarding,0
nightmare,1
reductions,5
southampton,19
organisms,2
telescope,1
portsmouth,0
advancement,4
harassment,3
generators,6
generates,2
replication,0
inexpensive,8
receptors,0
interventions,4
huntington,2
internship,5
aluminium,4
snowboard,0
beastality,1
evanescence,5
coordinated,3
shipments,2
antarctica,0
chancellor,3
controversy,13
legendary,1
beautifully,5
antibodies,3
examinations,3
immunology,9
departmental,1
terminology,0
gentleman,5
reproduce,2
convicted,3
roommates,9
threatening,6
spokesman,2
activists,2
frankfurt,2
encourages,1
assembled,4
restructuring,0
terminals,3
simulations,0
sufficiently,0
conditional,5
crossword,3
conceptual,0
liechtenstein,3
translator,5
automobiles,2
continent,4
longitude,3
challenged,11
telecharger,2
insertion,6
instrumentation,0
constraint,2
groundwater,2
strengthening,3
insulation,4
infringement,1
subjective,4
swaziland,2
varieties,10
mediawiki,0
configuratio,8
